KME,E,K,n_samples,n_distributions,best_score,mean_score,var_score
minimal,1000,400,1000,8000,0.6126482213438735,59.481272350837564,1.993724276174816
