KME,E,K,n_samples,n_distributions,best_score,mean_score,var_score
4,1000,400,1000,4000,0.6313570487483531,61.993600602296254,0.704018691825407
